date,message_type,content,client_id,client_ip
2025-06-15T13:06:09.225034,connection,Client connected from 127.0.0.1,67018d24,127.0.0.1
2025-06-15T13:06:09.226354,bot_response,"Hello! I'm Freelaince, your AI Agent (ID: 67018d24). I can chat with you and help you open relevant tabs! ğŸš€",67018d24,127.0.0.1
2025-06-15T13:06:09.254222,connection,Client connected from 127.0.0.1,7b01dc24,127.0.0.1
2025-06-15T13:06:09.255221,bot_response,"Hello! I'm Freelaince, your AI Agent (ID: 7b01dc24). I can chat with you and help you open relevant tabs! ğŸš€",7b01dc24,127.0.0.1
2025-06-15T13:06:18.586477,disconnection,Client disconnected from 127.0.0.1,67018d24,127.0.0.1
2025-06-15T13:06:18.604100,disconnection,Client disconnected from 127.0.0.1,7b01dc24,127.0.0.1
2025-06-15T13:06:18.916281,connection,Client connected from 127.0.0.1,59e304f9,127.0.0.1
2025-06-15T13:06:18.917538,bot_response,"Hello! I'm Freelaince, your AI Agent (ID: 59e304f9). I can chat with you and help you open relevant tabs! ğŸš€",59e304f9,127.0.0.1
2025-06-15T13:06:18.948740,connection,Client connected from 127.0.0.1,58ea66b8,127.0.0.1
2025-06-15T13:06:18.949561,bot_response,"Hello! I'm Freelaince, your AI Agent (ID: 58ea66b8). I can chat with you and help you open relevant tabs! ğŸš€",58ea66b8,127.0.0.1
2025-06-15T13:06:31.859616,user_message,Hi !,59e304f9,127.0.0.1
2025-06-15T13:06:31.860313,user_message,Hi !,58ea66b8,127.0.0.1
2025-06-15T13:06:33.033590,bot_response,Echo: Hi !,59e304f9,127.0.0.1
2025-06-15T13:06:33.275373,bot_response,Echo: Hi !,58ea66b8,127.0.0.1
2025-06-15T13:06:59.334460,user_message,open github,59e304f9,127.0.0.1
2025-06-15T13:06:59.335579,user_message,open github,58ea66b8,127.0.0.1
2025-06-15T13:07:00.145438,open_tab,Opened https://github.com,59e304f9,127.0.0.1
2025-06-15T13:07:00.146118,chat_answer,I've opened https://github.com in a new tab. Is there anything specific you'd like to do there?,59e304f9,127.0.0.1
2025-06-15T13:07:00.527427,open_tab,Opened https://github.com,58ea66b8,127.0.0.1
2025-06-15T13:07:00.527641,chat_answer,I've opened https://github.com in a new tab. Is there anything specific you'd like to do there?,58ea66b8,127.0.0.1
2025-06-15T13:10:07.680743,disconnection,Client disconnected from 127.0.0.1,59e304f9,127.0.0.1
2025-06-15T13:10:07.682564,disconnection,Client disconnected from 127.0.0.1,58ea66b8,127.0.0.1
2025-06-15T13:10:08.461898,connection,Client connected from 127.0.0.1,b2fe39f3,127.0.0.1
2025-06-15T13:10:08.463560,bot_response,"Hello! I'm Freelaince, your AI Agent (ID: b2fe39f3). I can chat with you and help you open relevant tabs! ğŸš€",b2fe39f3,127.0.0.1
2025-06-15T13:10:14.165309,user_message,Hi !,b2fe39f3,127.0.0.1
2025-06-15T13:10:15.017163,bot_response,Echo: Hi !,b2fe39f3,127.0.0.1
2025-06-15T13:10:19.214411,user_message,open github !,b2fe39f3,127.0.0.1
2025-06-15T13:10:20.691205,open_tab,Opened https://github.com,b2fe39f3,127.0.0.1
2025-06-15T13:10:20.692125,chat_answer,I've opened https://github.com in a new tab. Is there anything specific you'd like to do there?,b2fe39f3,127.0.0.1
2025-06-15T13:10:33.874348,user_message,Cool you bad good,b2fe39f3,127.0.0.1
2025-06-15T13:10:35.048963,bot_response,Echo: Cool you bad good,b2fe39f3,127.0.0.1
2025-06-15T13:26:22.627661,disconnection,Client disconnected from 127.0.0.1,b2fe39f3,127.0.0.1
2025-06-15T13:26:23.458602,connection,Client connected from 127.0.0.1,663c51c3,127.0.0.1
2025-06-15T13:26:23.459112,bot_response,"Hello! I'm Freelaince, your AI Agent (ID: 663c51c3). I can chat with you and help you open relevant tabs! ğŸš€",663c51c3,127.0.0.1
2025-06-15T13:26:30.842294,user_message,Hi !,663c51c3,127.0.0.1
2025-06-15T13:26:32.249446,bot_response,Echo: Hi !,663c51c3,127.0.0.1
2025-06-15T13:29:04.984996,system_message,Server is shutting down. Goodbye! ğŸ‘‹,663c51c3,127.0.0.1
2025-06-15T13:29:04.988353,disconnection,Client disconnected from 127.0.0.1,663c51c3,127.0.0.1
2025-06-15T13:31:58.146714,connection,Client connected from 127.0.0.1,77bff469,127.0.0.1
2025-06-15T13:31:58.148158,bot_response,"Hello! I'm Freelaince, your AI Agent (ID: 77bff469). I can chat with you and help you open relevant tabs! ğŸš€",77bff469,127.0.0.1
2025-06-15T13:32:07.665711,disconnection,Client disconnected from 127.0.0.1,77bff469,127.0.0.1
2025-06-15T13:32:08.080968,connection,Client connected from 127.0.0.1,6ee9e073,127.0.0.1
2025-06-15T13:32:08.081831,bot_response,"Hello! I'm Freelaince, your AI Agent (ID: 6ee9e073). I can chat with you and help you open relevant tabs! ğŸš€",6ee9e073,127.0.0.1
2025-06-15T13:32:17.523478,user_message,Hello !,6ee9e073,127.0.0.1
2025-06-15T13:32:18.279055,bot_response,Echo: Hello !,6ee9e073,127.0.0.1
2025-06-15T13:32:34.740542,user_message,How can you help me ?,6ee9e073,127.0.0.1
2025-06-15T13:32:35.553788,chat_answer,"Here's what I can help you with:

ğŸŒ **Website Navigation**: Say ""open LinkedIn"", ""go to GitHub"", ""visit Upwork"", etc.
ğŸ’¼ **Freelance Support**: Ask about freelance work, projects, or clients
ğŸ’¬ **General Chat**: I'll respond to your messages and questions
ğŸ”— **Quick Links**: I can open popular freelance platforms, social media, and development tools

Try saying: ""open GitHub"" or ""help me with freelance work""!",6ee9e073,127.0.0.1
2025-06-15T13:32:41.636534,user_message,cool,6ee9e073,127.0.0.1
2025-06-15T13:32:42.799122,bot_response,Echo: cool,6ee9e073,127.0.0.1
2025-06-15T13:32:49.764697,system_message,Server is shutting down. Goodbye! ğŸ‘‹,6ee9e073,127.0.0.1
2025-06-15T13:32:49.767080,disconnection,Client disconnected from 127.0.0.1,6ee9e073,127.0.0.1
